track,race_no,scheduled_start,active_runners,history_ready_runners,history_incomplete_runners,completed_runs_observed,required_runs,weather,going,status,blockers,official_url,captured_at
"高知","1","15:35","8","4","4","40","40","","","BLOCKED","RUNNER_HISTORY_FACT_GATE|TARGET_WEATHER_OR_GOING_UNPUBLISHED","https://www.keiba.go.jp/KeibaWeb/TodayRaceInfo/DebaTable?k_raceDate=2026%2F10%2F10&k_raceNo=1&k_babaCode=31","2026-10-09T21:02:48.721Z"
"高知","2","16:05","11","10","1","55","55","","","BLOCKED","RUNNER_HISTORY_FACT_GATE|TARGET_WEATHER_OR_GOING_UNPUBLISHED","https://www.keiba.go.jp/KeibaWeb/TodayRaceInfo/DebaTable?k_raceDate=2026%2F10%2F10&k_raceNo=2&k_babaCode=31","2026-10-09T21:02:54.472Z"
"高知","3","16:40","8","8","0","40","40","","","BLOCKED","TARGET_WEATHER_OR_GOING_UNPUBLISHED","https://www.keiba.go.jp/KeibaWeb/TodayRaceInfo/DebaTable?k_raceDate=2026%2F10%2F10&k_raceNo=3&k_babaCode=31","2026-10-09T21:02:55.911Z"
"高知","4","17:15","11","11","0","55","55","","","BLOCKED","TARGET_WEATHER_OR_GOING_UNPUBLISHED","https://www.keiba.go.jp/KeibaWeb/TodayRaceInfo/DebaTable?k_raceDate=2026%2F10%2F10&k_raceNo=4&k_babaCode=31","2026-10-09T21:02:56.954Z"
"高知","5","17:45","9","5","4","44","45","","","BLOCKED","RUNNER_HISTORY_FACT_GATE|TARGET_WEATHER_OR_GOING_UNPUBLISHED","https://www.keiba.go.jp/KeibaWeb/TodayRaceInfo/DebaTable?k_raceDate=2026%2F10%2F10&k_raceNo=5&k_babaCode=31","2026-10-09T21:02:57.329Z"
"高知","6","18:20","7","6","1","35","35","","","BLOCKED","RUNNER_HISTORY_FACT_GATE|TARGET_WEATHER_OR_GOING_UNPUBLISHED","https://www.keiba.go.jp/KeibaWeb/TodayRaceInfo/DebaTable?k_babaCode=31&k_raceDate=2026%2F10%2F10&k_raceNo=6","2026-10-09T21:02:57.726Z"
"高知","7","18:50","7","6","1","35","35","","","BLOCKED","RUNNER_HISTORY_FACT_GATE|TARGET_WEATHER_OR_GOING_UNPUBLISHED","https://www.keiba.go.jp/KeibaWeb/TodayRaceInfo/DebaTable?k_raceDate=2026%2F10%2F10&k_raceNo=7&k_babaCode=31","2026-10-09T21:02:58.260Z"
"高知","8","19:20","12","10","2","60","60","","","BLOCKED","RUNNER_HISTORY_FACT_GATE|TARGET_WEATHER_OR_GOING_UNPUBLISHED","https://www.keiba.go.jp/KeibaWeb/TodayRaceInfo/DebaTable?k_raceDate=2026%2F10%2F10&k_raceNo=8&k_babaCode=31","2026-10-09T21:02:58.710Z"
"高知","9","19:50","10","10","0","50","50","","","BLOCKED","TARGET_WEATHER_OR_GOING_UNPUBLISHED","https://www.keiba.go.jp/KeibaWeb/TodayRaceInfo/DebaTable?k_raceDate=2026%2F10%2F10&k_raceNo=9&k_babaCode=31","2026-10-09T21:02:59.084Z"
"高知","10","20:20","9","9","0","45","45","","","BLOCKED","TARGET_WEATHER_OR_GOING_UNPUBLISHED","https://www.keiba.go.jp/KeibaWeb/TodayRaceInfo/DebaTable?k_raceDate=2026%2F10%2F10&k_raceNo=10&k_babaCode=31","2026-10-09T21:02:59.431Z"
"高知","11","20:50","11","8","3","55","55","","","BLOCKED","RUNNER_HISTORY_FACT_GATE|TARGET_WEATHER_OR_GOING_UNPUBLISHED","https://www.keiba.go.jp/KeibaWeb/TodayRaceInfo/DebaTable?k_raceDate=2026%2F10%2F10&k_raceNo=11&k_babaCode=31","2026-10-09T21:02:59.783Z"
"佐賀","1","14:45","6","2","4","23","30","","","BLOCKED","RUNNER_HISTORY_FACT_GATE|TARGET_WEATHER_OR_GOING_UNPUBLISHED","https://www.keiba.go.jp/KeibaWeb/TodayRaceInfo/DebaTable?k_raceDate=2026%2F10%2F10&k_raceNo=1&k_babaCode=32","2026-10-09T21:03:08.299Z"
"佐賀","2","15:20","9","6","3","45","45","","","BLOCKED","RUNNER_HISTORY_FACT_GATE|TARGET_WEATHER_OR_GOING_UNPUBLISHED","https://www.keiba.go.jp/KeibaWeb/TodayRaceInfo/DebaTable?k_raceDate=2026%2F10%2F10&k_raceNo=2&k_babaCode=32","2026-10-09T21:03:08.713Z"
"佐賀","3","15:55","12","6","6","60","60","","","BLOCKED","RUNNER_HISTORY_FACT_GATE|TARGET_WEATHER_OR_GOING_UNPUBLISHED","https://www.keiba.go.jp/KeibaWeb/TodayRaceInfo/DebaTable?k_raceDate=2026%2F10%2F10&k_raceNo=3&k_babaCode=32","2026-10-09T21:03:09.364Z"
"佐賀","4","16:25","10","7","3","50","50","","","BLOCKED","RUNNER_HISTORY_FACT_GATE|TARGET_WEATHER_OR_GOING_UNPUBLISHED","https://www.keiba.go.jp/KeibaWeb/TodayRaceInfo/DebaTable?k_raceDate=2026%2F10%2F10&k_raceNo=4&k_babaCode=32","2026-10-09T21:03:09.737Z"
"佐賀","5","17:00","11","9","2","54","55","","","BLOCKED","RUNNER_HISTORY_FACT_GATE|TARGET_WEATHER_OR_GOING_UNPUBLISHED","https://www.keiba.go.jp/KeibaWeb/TodayRaceInfo/DebaTable?k_raceDate=2026%2F10%2F10&k_raceNo=5&k_babaCode=32","2026-10-09T21:03:10.148Z"
"佐賀","6","17:35","11","5","6","54","55","","","BLOCKED","RUNNER_HISTORY_FACT_GATE|TARGET_WEATHER_OR_GOING_UNPUBLISHED","https://www.keiba.go.jp/KeibaWeb/TodayRaceInfo/DebaTable?k_raceDate=2026%2F10%2F10&k_raceNo=6&k_babaCode=32","2026-10-09T21:03:10.518Z"
"佐賀","7","18:05","10","8","2","50","50","","","BLOCKED","RUNNER_HISTORY_FACT_GATE|TARGET_WEATHER_OR_GOING_UNPUBLISHED","https://www.keiba.go.jp/KeibaWeb/TodayRaceInfo/DebaTable?k_raceDate=2026%2F10%2F10&k_raceNo=7&k_babaCode=32","2026-10-09T21:03:10.886Z"
"佐賀","8","18:35","11","11","0","55","55","","","BLOCKED","TARGET_WEATHER_OR_GOING_UNPUBLISHED","https://www.keiba.go.jp/KeibaWeb/TodayRaceInfo/DebaTable?k_raceDate=2026%2F10%2F10&k_raceNo=8&k_babaCode=32","2026-10-09T21:03:11.275Z"
"佐賀","9","19:05","12","11","1","59","60","","","BLOCKED","RUNNER_HISTORY_FACT_GATE|TARGET_WEATHER_OR_GOING_UNPUBLISHED","https://www.keiba.go.jp/KeibaWeb/TodayRaceInfo/DebaTable?k_raceDate=2026%2F10%2F10&k_raceNo=9&k_babaCode=32","2026-10-09T21:03:11.823Z"
"佐賀","10","19:35","11","6","5","45","55","","","BLOCKED","RUNNER_HISTORY_FACT_GATE|TARGET_WEATHER_OR_GOING_UNPUBLISHED","https://www.keiba.go.jp/KeibaWeb/TodayRaceInfo/DebaTable?k_raceDate=2026%2F10%2F10&k_raceNo=10&k_babaCode=32","2026-10-09T21:03:12.387Z"
"佐賀","11","20:10","10","9","1","50","50","","","BLOCKED","RUNNER_HISTORY_FACT_GATE|TARGET_WEATHER_OR_GOING_UNPUBLISHED","https://www.keiba.go.jp/KeibaWeb/TodayRaceInfo/DebaTable?k_raceDate=2026%2F10%2F10&k_raceNo=11&k_babaCode=32","2026-10-09T21:03:12.681Z"
"佐賀","12","20:40","14","5","9","68","70","","","BLOCKED","RUNNER_HISTORY_FACT_GATE|TARGET_WEATHER_OR_GOING_UNPUBLISHED","https://www.keiba.go.jp/KeibaWeb/TodayRaceInfo/DebaTable?k_raceDate=2026%2F10%2F10&k_raceNo=12&k_babaCode=32","2026-10-09T21:03:13.071Z"
